"","Age","Salary","years_worked","SpecialProjectsCount","DaysLateLast30","Absences","EngagementSurvey","Sex","MaritalDesc","HispanicLatino","RaceDesc","Position","Department","ManagerName","PerformanceScore","EmpSatisfaction","Termd"
"Adinolfi  Wilson  K",39,62506,10.9,0,0,1,4.6,"M","Single","No","White","Production Technician I","Production","Michael Albert","Exceeds","5","0"
"Ait Sidi  Karthikeyan   ",47,104437,1.2,6,0,17,4.96,"M","Married","No","White","Sr. DBA","IT/IS","Simon Roup","Fully Meets","3","1"
"Akinkuolie  Sarah",34,64955,1.2,0,0,3,3.02,"F","Married","No","White","Production Technician II","Production","Kissy Sullivan","Fully Meets","3","1"
"Alagbe Trina",34,64991,14.4,0,0,15,4.84,"F","Married","No","White","Production Technician I","Production","Elijiah Gray","Fully Meets","5","0"
"Anderson  Carol ",33,50825,5.2,0,0,2,5,"F","Divorced","No","White","Production Technician I","Production","Webster Butler","Fully Meets","4","1"
"Anderson  Linda  ",45,57568,10.4,0,0,15,5,"F","Single","No","White","Production Technician I","Production","Amy Dunn","Exceeds","5","0"
"Andreola  Colby",43,95660,7.6,4,0,19,3.04,"F","Single","No","White","Software Engineer","Software Engineering","Alex Sweetwater","Fully Meets","3","0"
"Athwal  Sam",39,59365,8.7,0,0,19,5,"M","Widowed","No","White","Production Technician I","Production","Ketsia Liebig","Fully Meets","4","0"
"Bachiochi  Linda",52,47837,12.9,0,0,4,4.46,"F","Single","No","Black or African American","Production Technician I","Production","Brannon Miller","Fully Meets","3","0"
"Bacong  Alejandro ",34,50178,7.4,6,0,16,5,"M","Divorced","No","White","IT Support","IT/IS","Peter Monroe","Fully Meets","5","0"
"Baczenski  Rachael  ",48,54670,6,0,0,12,4.2,"F","Married","Yes","Black or African American","Production Technician I","Production","David Stanley","Fully Meets","4","1"
"Barbara  Thomas",48,47211,4.5,0,0,15,4.2,"M","Married","Yes","Black or African American","Production Technician I","Production","Kissy Sullivan","Fully Meets","3","1"
"Barbossa  Hector",34,92328,7.6,5,0,9,4.28,"M","Divorced","No","Black or African American","Data Analyst","IT/IS","Simon Roup","Exceeds","4","0"
"Barone  Francesco  A",39,58709,10.3,0,0,7,4.6,"M","Single","No","Two or more races","Production Technician I","Production","Kelley Spirea","Fully Meets","4","0"
"Barton  Nader",45,52505,4.5,0,0,1,5,"M","Divorced","No","White","Production Technician I","Production","Michael Albert","Fully Meets","5","1"
"Bates  Norman",41,57834,6.5,0,0,20,5,"M","Single","No","White","Production Technician I","Production","Kelley Spirea","Fully Meets","4","1"
"Beak  Kimberly  ",56,70131,5.9,0,0,16,4.4,"F","Married","No","White","Production Technician II","Production","Kelley Spirea","Exceeds","3","0"
"Beatrice  Courtney ",52,59026,11.2,0,0,12,5,"F","Single","No","White","Production Technician I","Production","Elijiah Gray","Fully Meets","5","0"
"Becker  Renee",36,110000,1.2,5,0,8,4.5,"F","Single","Yes","White","Database Administrator","IT/IS","Simon Roup","Fully Meets","4","1"
"Becker  Scott",43,53250,8.9,0,0,13,4.2,"M","Single","No","Asian","Production Technician I","Production","Webster Butler","Fully Meets","4","0"
"Bernstein  Sean",52,51044,10.2,0,0,13,5,"M","Single","Yes","White","Production Technician I","Production","Amy Dunn","Fully Meets","3","0"
"Biden  Lowan  M",64,64919,8.8,0,0,2,4.2,"F","Divorced","No","Asian","Production Technician I","Production","Ketsia Liebig","Fully Meets","3","0"
"Billis  Helen",33,62910,7.9,0,0,19,5,"F","Married","No","White","Production Technician I","Production","Brannon Miller","Exceeds","3","0"
"Blount  Dianna",32,66441,11.2,0,2,3,2,"F","Single","No","White","Production Technician II","Production","Michael Albert","Needs Improvement","3","0"
"Bondwell  Betsy",55,57815,3.2,0,0,5,4.8,"F","Single","No","White","Production Technician II","Production","Elijiah Gray","Fully Meets","5","1"
"Booth  Frank",58,103613,2,7,0,2,3.5,"M","Single","No","Black or African American","Enterprise Architect","IT/IS","Simon Roup","Fully Meets","5","1"
"Boutwell  Bonalyn",35,106367,7.3,3,0,4,5,"F","Married","No","Black or African American","Sr. Accountant","Admin Offices","Brandon R. LeBlanc","Fully Meets","4","0"
"Bozzi  Charles",52,74312,0.9,0,0,14,3.39,"M","Single","No","Asian","Production Manager","Production","Janet King","Fully Meets","3","1"
"Brill  Donna",32,53492,1.2,0,0,6,3.35,"F","Married","No","White","Production Technician I","Production","David Stanley","Fully Meets","4","1"
"Brown  Mia",35,63000,13.6,6,0,14,4.5,"F","Married","No","Black or African American","Accountant I","Admin Offices","Brandon R. LeBlanc","Fully Meets","2","0"
"Buccheri  Joseph  ",39,65288,7.7,0,0,9,3.19,"M","Single","No","White","Production Technician II","Production","Webster Butler","Fully Meets","3","0"
"Bugali  Josephine ",53,64375,8.6,0,0,17,3.5,"F","Separated","No","Black or African American","Production Technician I","Production","Kissy Sullivan","Fully Meets","5","0"
"Bunbury  Jessica",58,74326,3,0,1,19,3.14,"F","Married","No","Black or African American","Area Sales Manager","Sales","John Smith","Fully Meets","5","1"
"Burke  Joelle",42,63763,10.3,0,0,3,4.51,"F","Single","No","Black or African American","Production Technician II","Production","Amy Dunn","Fully Meets","4","0"
"Burkett  Benjamin ",45,62162,11.2,0,0,15,3.25,"M","Married","No","White","Production Technician II","Production","Ketsia Liebig","Fully Meets","5","0"
"Cady  Max ",56,77692,10.8,5,0,4,3.84,"M","Single","No","White","Software Engineering Manager","Software Engineering","Jennifer Zamora","Fully Meets","3","0"
"Candie  Calvin",39,72640,6.4,0,0,14,5,"M","Single","No","White","Production Manager","Production","Janet King","Exceeds","3","0"
"Carabbio  Judith",35,93396,8.6,6,0,3,4.96,"F","Single","No","White","Software Engineer","Software Engineering","Alex Sweetwater","Fully Meets","4","0"
"Carey  Michael  ",39,52846,8.2,0,0,14,4.43,"M","Single","No","Black or African American","Production Technician I","Production","Kelley Spirea","Fully Meets","3","0"
"Carr  Claudia  N",36,100031,5.9,6,0,7,5,"F","Single","No","Black or African American","Sr. DBA","IT/IS","Simon Roup","Fully Meets","5","0"
"Carter  Michelle ",59,71860,7.8,0,0,7,5,"F","Single","No","White","Area Sales Manager","Sales","John Smith","Fully Meets","5","0"
"Chace  Beatrice ",71,61656,7.7,0,0,11,5,"F","Single","No","White","Production Technician I","Production","Michael Albert","Fully Meets","4","0"
"Champaigne  Brian",50,110929,5.7,7,0,8,4.5,"M","Married","No","White","BI Director","IT/IS","Jennifer Zamora","Fully Meets","5","0"
"Chan  Lin",43,54237,8.1,0,0,11,3.3,"F","Single","No","White","Production Technician I","Production","Elijiah Gray","Fully Meets","4","0"
"Chang  Donovan  E",39,60380,8.9,0,0,4,3.8,"M","Single","No","White","Production Technician I","Production","Webster Butler","Fully Meets","5","0"
"Chigurh  Anton",52,66808,10.1,0,0,17,3,"M","Single","No","Black or African American","Area Sales Manager","Sales","Lynn Daneault","Fully Meets","5","0"
"Chivukula  Enola",39,64786,4.4,0,0,3,4.3,"F","Single","No","White","Production Technician I","Production","Amy Dunn","Fully Meets","4","1"
"Cierpiszewski  Caroline  ",34,64816,10.7,0,0,3,3.58,"F","Single","No","Black or African American","Production Technician I","Production","Ketsia Liebig","Fully Meets","5","0"
"Clayton  Rick",37,68678,9.7,6,0,2,4.7,"M","Single","No","White","IT Support","IT/IS","Eric Dougall","Fully Meets","3","0"
"Cloninger  Jennifer",41,64066,1.6,0,0,9,4.2,"F","Married","No","White","Production Technician II","Production","Brannon Miller","Fully Meets","5","1"
"Close  Phil",44,59369,1.1,0,0,6,4.2,"M","Married","No","White","Production Technician II","Production","David Stanley","Fully Meets","4","1"
"Clukey  Elijian",42,50373,5.9,0,0,5,4.1,"M","Married","No","White","Production Technician I","Production","Brannon Miller","Exceeds","4","0"
"Cockel  James",45,63108,8.9,0,0,3,4.4,"M","Single","No","White","Production Technician I","Production","David Stanley","Fully Meets","5","0"
"Cole  Spencer",43,59144,5.2,0,5,16,2,"M","Single","No","Black or African American","Production Technician I","Production","Kissy Sullivan","Needs Improvement","3","1"
"Corleone  Michael",47,68051,11.9,0,3,3,4.13,"M","Divorced","No","White","Production Manager","Production","Janet King","Needs Improvement","2","0"
"Corleone  Vito",39,170500,13.4,0,0,15,3.7,"M","Single","No","Black or African American","Director of Operations","Production","Janet King","Exceeds","5","0"
"Cornett  Lisa ",45,63381,7.4,0,0,6,4.73,"F","Married","Yes","White","Production Technician I","Production","Kelley Spirea","Fully Meets","5","0"
"Costello  Frank",36,83552,7.2,6,0,2,3.04,"M","Married","No","White","Data Analyst","IT/IS","Simon Roup","Fully Meets","3","0"
"Crimmings    Jean",35,56149,5.9,0,0,15,4.12,"F","Single","No","White","Production Technician I","Production","Michael Albert","Fully Meets","5","0"
"Cross  Noah",57,92329,7.6,4,0,5,5,"M","Single","No","White","Sr. Network Engineer","IT/IS","Peter Monroe","Fully Meets","3","0"
"Daneault  Lynn",32,65729,8.1,0,0,8,4.62,"F","Single","No","White","Sales Manager","Sales","Debra Houlihan","Fully Meets","4","0"
"Daniele  Ann  ",70,85028,7.6,8,0,19,3.1,"F","Married","No","White","Sr. Network Engineer","IT/IS","Peter Monroe","Fully Meets","5","0"
"Darson  Jene'ya ",44,57583,9.9,0,0,1,5,"F","Married","No","White","Production Technician I","Production","Elijiah Gray","Fully Meets","3","0"
"Davis  Daniel",43,56294,10.6,0,0,6,3.96,"M","Single","No","Two or more races","Production Technician II","Production","Kissy Sullivan","Fully Meets","4","0"
"Dee  Randy",34,56991,3.9,3,2,2,4.3,"M","Married","No","White","Production Technician I","Production","Brannon Miller","Fully Meets","4","0"
"DeGweck   James",45,55722,5.1,0,0,14,5,"M","Married","No","White","Production Technician I","Production","Webster Butler","Fully Meets","4","1"
"Del Bosque  Keyla",43,101199,10.4,5,0,8,3.79,"F","Single","No","Black or African American","Software Engineer","Software Engineering","Alex Sweetwater","Fully Meets","5","0"
"Delarge  Alex",47,61568,7.7,0,6,5,1.93,"M","Single","No","Two or more races","Area Sales Manager","Sales","John Smith","PIP","3","0"
"Demita  Carla",71,58275,4.6,0,0,1,4.62,"F","Separated","No","Black or African American","Production Technician II","Production","Kelley Spirea","Fully Meets","5","1"
"Desimone  Carl ",55,53189,7.9,0,4,9,1.12,"M","Married","No","White","Production Technician I","Production","Amy Dunn","PIP","2","0"
"DeVito  Tommy",39,96820,5.3,7,0,15,3.01,"M","Single","No","White","BI Developer","IT/IS","Brian Champaigne","Fully Meets","5","0"
"Dickinson  Geoff ",40,51259,8.1,0,0,1,4.3,"M","Single","No","White","Production Technician I","Production","Ketsia Liebig","Fully Meets","4","0"
"Dietrich  Jenna  ",35,59231,10.3,0,2,17,2.3,"F","Single","Yes","White","Area Sales Manager","Sales","John Smith","PIP","1","0"
"DiNocco  Lily ",44,61584,9.4,0,0,6,3.88,"F","Married","No","Black or African American","Production Technician I","Production","Brannon Miller","Needs Improvement","4","0"
"Dobrin  Denisa  S",36,46335,10.2,0,0,15,3.4,"F","Single","Yes","White","Production Technician I","Production","David Stanley","Fully Meets","5","0"
"Dolan  Linda",34,70621,7.4,6,0,16,4.11,"F","Married","No","White","IT Support","IT/IS","Peter Monroe","Fully Meets","4","0"
"Dougall  Eric",52,138888,8.4,5,0,4,4.3,"M","Single","No","Black or African American","IT Manager - Support","IT/IS","Jennifer Zamora","Exceeds","5","0"
"Driver  Elle",34,74241,11.4,0,0,14,4.77,"F","Single","No","White","Area Sales Manager","Sales","Lynn Daneault","Exceeds","5","0"
"Dunn  Amy  ",49,75188,7.7,0,0,4,4.52,"F","Single","No","White","Production Manager","Production","Janet King","Fully Meets","4","0"
"Dunne  Amy",49,62514,12.1,0,0,6,2.9,"F","Married","No","White","Production Technician I","Production","Ketsia Liebig","Fully Meets","3","0"
"Eaton  Marianne",31,60070,6.2,0,0,7,5,"F","Married","No","White","Production Technician I","Production","Kissy Sullivan","Fully Meets","3","1"
"Engdahl  Jean",48,48888,7.6,0,0,8,4.7,"M","Single","No","White","Production Technician I","Production","Kelley Spirea","Fully Meets","5","0"
"England  Rex",44,54285,8.2,0,0,3,4.2,"M","Married","No","White","Production Technician I","Production","Kelley Spirea","Fully Meets","3","0"
"Erilus  Angela",33,56847,7.9,0,2,5,3,"F","Separated","No","White","Production Technician II","Production","Michael Albert","PIP","1","0"
"Estremera  Miguel",39,60340,6.5,0,5,16,5,"M","Single","No","White","Production Technician I","Production","Michael Albert","Needs Improvement","4","1"
"Evensen  April",33,59124,4,0,5,19,2.3,"F","Single","No","White","Production Technician I","Production","Elijiah Gray","Needs Improvement","3","1"
"Exantus  Susan",35,99280,2.1,4,4,19,2.1,"F","Married","No","Black or African American","Software Engineer","Software Engineering","Alex Sweetwater","Needs Improvement","5","1"
"Faller  Megan ",44,71776,7.9,0,0,17,4.4,"F","Married","No","Black or African American","Production Technician II","Production","Elijiah Gray","Fully Meets","5","0"
"Fancett  Nicole",35,65902,8.3,0,0,7,4,"F","Single","No","Black or African American","Production Technician II","Production","Webster Butler","Fully Meets","4","0"
"Ferguson  Susan",67,57748,4.5,0,0,16,3.13,"F","Married","No","White","Production Technician I","Production","Webster Butler","Fully Meets","3","1"
"Fernandes  Nilson  ",33,64057,7.1,0,6,15,1.56,"M","Married","No","White","Production Technician I","Production","Amy Dunn","PIP","5","0"
"Fett  Boba",35,53366,7.2,6,3,2,1.2,"M","Single","No","White","Network Engineer","IT/IS","Peter Monroe","PIP","3","0"
"Fidelia   Libby",41,58530,10.4,0,0,19,5,"F","Married","No","White","Production Technician I","Production","Brannon Miller","Fully Meets","5","0"
"Fitzpatrick  Michael  J",41,72609,2.1,0,0,20,4.76,"M","Single","Yes","White","Production Technician II","Production","Amy Dunn","Fully Meets","5","1"
"Foreman  Tanya",39,55965,1.8,0,0,6,3.66,"F","Married","No","White","Production Technician II","Production","Ketsia Liebig","Fully Meets","3","1"
"Forrest  Alex",47,70187,3.9,0,4,7,2,"M","Married","No","White","Area Sales Manager","Sales","Lynn Daneault","PIP","5","1"
"Foss  Jason",42,178000,11.1,5,0,15,5,"M","Single","No","Black or African American","IT Director","IT/IS","Jennifer Zamora","Exceeds","5","0"
"Foster-Baker  Amy",43,99351,13.4,2,0,3,5,"F","Married","No","White","Sr. Accountant","Admin Offices","Board of Directors","Fully Meets","3","0"
"Fraval  Maruk ",59,67251,10.7,0,2,7,4.3,"M","Single","No","Black or African American","Area Sales Manager","Sales","Lynn Daneault","Fully Meets","3","0"
"Galia  Lisa",54,65707,12.1,5,0,1,4.7,"F","Single","No","White","IT Support","IT/IS","Eric Dougall","Fully Meets","4","0"
"Garcia  Raul",37,52249,7.2,0,0,5,4.5,"M","Single","Yes","White","Production Technician I","Production","David Stanley","Fully Meets","3","0"
"Gaul  Barbara",39,53171,11.1,0,0,12,4.2,"F","Single","Yes","Black or African American","Production Technician I","Production","Kelley Spirea","Fully Meets","4","0"
"Gentry  Mildred",32,51337,7.2,0,0,19,3.73,"F","Married","No","Black or African American","Production Technician I","Production","Michael Albert","Fully Meets","3","0"
"Gerke  Melisa",52,51505,5,0,0,2,4.24,"F","Divorced","No","Black or African American","Production Technician I","Production","Elijiah Gray","Fully Meets","4","1"
"Gill  Whitney  ",51,59370,1.2,0,0,7,3.97,"F","Widowed","No","Black or African American","Area Sales Manager","Sales","John Smith","Fully Meets","4","1"
"Gilles  Alex",48,54933,3.2,0,3,15,3.97,"M","Married","No","Black or African American","Production Technician I","Production","Webster Butler","Needs Improvement","4","1"
"Girifalco  Evelyn",42,57815,7.7,0,0,3,3.9,"F","Single","Yes","Two or more races","Production Technician I","Production","Amy Dunn","Exceeds","4","0"
"Givens  Myriam",33,61555,7.3,0,0,20,4.5,"F","Single","No","White","Area Sales Manager","Sales","Lynn Daneault","Fully Meets","5","0"
"Goble  Taisha",51,114800,0.1,4,0,10,4.6,"F","Single","No","White","Database Administrator","IT/IS","Simon Roup","Fully Meets","4","1"
"Goeth  Amon",33,74679,7.2,7,0,20,4.3,"M","Married","Yes","White","IT Support","IT/IS","Peter Monroe","Fully Meets","5","0"
"Gold  Shenice  ",30,53018,8.6,0,0,7,4.3,"F","Single","Yes","White","Production Technician I","Production","Ketsia Liebig","Fully Meets","5","0"
"Gonzalez  Cayo",53,59892,10.9,0,0,1,4.5,"M","Divorced","No","Black or African American","Production Technician I","Production","Brannon Miller","Exceeds","4","0"
"Gonzalez  Juan",58,68898,1.1,0,3,10,3,"M","Married","No","Black or African American","Production Technician II","Production","Brannon Miller","PIP","3","1"
"Gonzalez  Maria",41,61242,7.4,5,0,11,4.61,"F","Separated","Yes","White","IT Support","IT/IS","Peter Monroe","Fully Meets","4","0"
"Good  Susan",36,66825,8.1,0,0,20,4.6,"F","Married","No","White","Production Technician II","Production","David Stanley","Fully Meets","3","0"
"Gordon  David",43,48285,9.9,0,0,2,5,"M","Married","No","White","Production Technician I","Production","David Stanley","Fully Meets","3","0"
"Gosciminski  Phylicia  ",39,66149,8.7,0,0,1,4.4,"F","Separated","No","American Indian or Alaska Native","Production Technician II","Production","Kissy Sullivan","Fully Meets","5","0"
"Goyal  Roxana",48,49256,8.8,0,0,3,4.1,"F","Married","No","Asian","Production Technician I","Production","Kissy Sullivan","Fully Meets","5","0"
"Gray  Elijiah  ",41,62957,7,0,0,2,4.63,"M","Divorced","No","White","Production Manager","Production","Janet King","Fully Meets","3","0"
"Gross  Paula",39,63813,2.9,0,0,17,5,"F","Divorced","No","White","Production Technician I","Production","Kelley Spirea","Fully Meets","5","1"
"Gruber  Hans",33,99020,5.1,5,0,8,4.2,"M","Married","No","Black or African American","BI Developer","IT/IS","Brian Champaigne","Fully Meets","5","0"
"Guilianno  Mike",53,71707,2.7,0,0,20,4.5,"M","Single","No","Two or more races","Area Sales Manager","Sales","John Smith","Fully Meets","5","1"
"Handschiegl  Joanne",45,54828,10.5,0,0,13,4.2,"F","Married","No","White","Production Technician I","Production","Michael Albert","Fully Meets","4","0"
"Hankard  Earnest",34,64246,8.6,0,0,20,5,"M","Single","Yes","White","Production Technician II","Production","Kelley Spirea","Fully Meets","3","0"
"Harrington  Christie ",70,52177,3.9,0,0,8,4.64,"F","Single","No","White","Production Technician I","Production","Webster Butler","Fully Meets","4","1"
"Harrison  Kara",48,62065,8.1,0,0,5,4.76,"F","Married","No","White","Production Technician I","Production","Amy Dunn","Exceeds","4","0"
"Heitzman  Anthony",38,46998,9.8,0,0,1,4.17,"M","Single","No","White","Production Technician I","Production","Ketsia Liebig","Fully Meets","4","0"
"Hendrickson  Trina",50,68099,2.4,0,0,15,5,"F","Single","No","White","Production Technician II","Production","Kelley Spirea","Fully Meets","3","1"
"Hitchcock  Alfred",34,70545,7.8,0,0,9,3.6,"M","Married","No","American Indian or Alaska Native","Area Sales Manager","Sales","John Smith","Fully Meets","5","0"
"Homberger  Adrienne  J",38,63478,0.6,0,0,16,3.03,"F","Married","No","White","Production Technician II","Production","Michael Albert","Fully Meets","5","1"
"Horton  Jayne",38,97999,7.2,6,0,4,4.48,"F","Single","No","White","Database Administrator","IT/IS","Simon Roup","Fully Meets","5","0"
"Houlihan  Debra",56,180000,8.1,0,0,19,4.5,"F","Married","No","White","Director of Sales","Sales","Janet King","Fully Meets","4","0"
"Howard  Estelle",37,49920,0.2,4,0,6,3.24,"F","Married","No","Black or African American","Administrative Assistant","Admin Offices","Brandon R. LeBlanc","Fully Meets","3","1"
"Hudson  Jane",36,55425,10.3,0,0,4,4.8,"F","Single","No","White","Production Technician I","Production","Ketsia Liebig","Fully Meets","4","0"
"Hunts  Julissa",38,69340,6,0,0,4,3,"F","Single","No","White","Production Technician II","Production","Elijiah Gray","Fully Meets","5","0"
"Hutter  Rosalie",30,64995,7,0,0,6,4.5,"F","Separated","No","White","Production Technician II","Production","Webster Butler","Fully Meets","3","0"
"Huynh  Ming",46,68182,2.1,0,0,18,3.72,"F","Divorced","No","White","Production Technician II","Production","Amy Dunn","Fully Meets","3","1"
"Immediato  Walter",46,83082,1.6,0,3,4,2.34,"M","Married","No","Asian","Production Manager","Production","Janet King","Needs Improvement","2","1"
"Ivey  Rose ",31,51908,8.8,0,0,14,3.99,"F","Single","No","White","Production Technician I","Production","Brannon Miller","Fully Meets","3","0"
"Jackson  Maryellen",50,61242,9.6,0,0,7,4.1,"F","Single","No","Black or African American","Production Technician I","Production","David Stanley","Fully Meets","3","0"
"Jacobi  Hannah  ",56,45069,8.7,0,0,7,4.3,"F","Divorced","No","White","Production Technician I","Production","Kissy Sullivan","Fully Meets","5","0"
"Jeannite  Tayana",36,60724,10.9,0,0,11,4.6,"F","Divorced","No","American Indian or Alaska Native","Production Technician II","Production","Ketsia Liebig","Exceeds","4","0"
"Jhaveri  Sneha  ",58,60436,8.4,0,0,9,5,"F","Separated","No","White","Production Technician I","Production","Kelley Spirea","Fully Meets","5","0"
"Johnson  George",63,46837,6.5,0,0,9,4.7,"M","Married","No","White","Production Technician I","Production","Michael Albert","Exceeds","4","1"
"Johnson  Noelle ",36,105700,7.4,5,0,2,3.75,"F","Married","No","Asian","Database Administrator","IT/IS","Simon Roup","Fully Meets","3","0"
"Johnston  Yen",53,63322,7.9,0,0,1,4.3,"F","Single","No","White","Production Technician II","Production","Brannon Miller","Exceeds","3","0"
"Jung  Judy  ",36,61154,5.2,0,0,4,4,"F","Married","No","Black or African American","Production Technician I","Production","Elijiah Gray","Fully Meets","4","1"
"Kampew  Donysha",33,68999,2.5,0,0,2,4.5,"F","Single","No","White","Sales Manager","Sales","Debra Houlihan","Fully Meets","5","1"
"Keatts  Kramer ",46,50482,8.7,0,0,10,3.07,"M","Single","No","White","Production Technician I","Production","Michael Albert","Fully Meets","4","0"
"Khemmich  Bartholemew",43,65310,8.8,0,0,13,4.3,"M","Single","No","White","Area Sales Manager","Sales","Lynn Daneault","Fully Meets","5","0"
"King  Janet",68,250000,9.9,0,0,10,4.83,"F","Married","Yes","White","President & CEO","Executive Office","Board of Directors","Fully Meets","3","0"
"Kinsella  Kathleen  ",49,54005,3.7,0,0,16,3.6,"F","Married","No","White","Production Technician I","Production","Webster Butler","Fully Meets","5","1"
"Kirill  Alexandra  ",52,45433,2.3,0,0,6,3.49,"F","Married","No","White","Production Technician I","Production","Amy Dunn","Fully Meets","4","1"
"Knapp  Bradley  J",45,46654,8.3,0,0,3,3.1,"M","Single","No","Black or African American","Production Technician I","Production","Ketsia Liebig","Fully Meets","3","0"
"Kretschmer  John",42,63973,11.4,0,0,17,3.38,"M","Married","No","Asian","Production Technician I","Production","Brannon Miller","Fully Meets","3","0"
"Kreuger  Freddy",53,71339,11.2,0,0,20,3.65,"M","Single","Yes","Black or African American","Area Sales Manager","Sales","John Smith","Fully Meets","5","0"
"Lajiri   Jyoti",36,93206,7.6,6,0,7,4.46,"M","Married","No","White","Sr. Network Engineer","IT/IS","Peter Monroe","Fully Meets","5","0"
"Landa  Hans",50,82758,4.9,0,0,9,4.78,"M","Married","No","White","Production Manager","Production","Janet King","Fully Meets","4","1"
"Langford  Lindsey",43,66074,1.2,0,0,20,4.52,"F","Divorced","No","Asian","Production Technician II","Production","David Stanley","Fully Meets","3","1"
"Langton  Enrico",36,46120,9.9,0,0,13,5,"M","Married","No","White","Production Technician I","Production","David Stanley","Fully Meets","5","0"
"LaRotonda  William  ",38,64520,8.4,4,0,3,5,"M","Divorced","No","Black or African American","Accountant I","Admin Offices","Brandon R. LeBlanc","Fully Meets","4","0"
"Latif  Mohammed",38,61962,1,0,0,20,4.9,"M","Married","No","White","Production Technician II","Production","Kissy Sullivan","Fully Meets","3","1"
"Le  Binh",35,81584,5.7,7,0,2,4.1,"F","Single","No","Asian","Senior BI Developer","IT/IS","Brian Champaigne","Fully Meets","5","0"
"Leach  Dallas",43,63676,6.9,0,0,17,4.88,"F","Single","No","Asian","Production Technician I","Production","Kissy Sullivan","Fully Meets","3","1"
"LeBlanc  Brandon  R",38,93046,6.4,0,0,20,4.1,"M","Married","No","White","Shared Services Manager","Admin Offices","Janet King","Fully Meets","4","0"
"Lecter  Hannibal",40,64738,10.1,0,0,10,4.1,"M","Married","No","Asian","Production Technician I","Production","Elijiah Gray","Fully Meets","3","0"
"Leruth  Giovanni",34,70468,10.1,0,0,16,4.53,"M","Separated","No","Black or African American","Area Sales Manager","Sales","John Smith","Fully Meets","3","0"
"Liebig  Ketsia",41,77915,8.7,0,0,11,4.1,"F","Married","No","White","Production Manager","Production","Janet King","Exceeds","3","0"
"Linares  Marilyn ",41,52624,7.2,0,0,16,3.18,"F","Married","No","White","Production Technician I","Production","Michael Albert","Fully Meets","4","1"
"Linden  Mathew",43,63450,8.9,0,0,7,4,"M","Married","No","White","Production Technician II","Production","Kelley Spirea","Fully Meets","3","0"
"Lindsay  Leonara ",34,51777,11.4,5,0,14,4.64,"F","Single","Yes","Black or African American","IT Support","IT/IS","Eric Dougall","Exceeds","4","0"
"Lundy  Susan",46,67237,3.2,0,0,15,4.65,"F","Widowed","No","White","Production Technician II","Production","Michael Albert","Fully Meets","4","1"
"Lunquist  Lisa",40,73330,8.8,0,0,19,4.2,"F","Single","No","Black or African American","Production Technician II","Production","Elijiah Gray","Exceeds","4","0"
"Lydon  Allison",47,52057,7.3,0,0,6,5,"F","Married","No","Black or African American","Production Technician I","Production","Elijiah Gray","Fully Meets","3","0"
"Lynch  Lindsay",49,47434,4,0,0,17,5,"F","Single","Yes","Black or African American","Production Technician I","Production","Webster Butler","Exceeds","4","1"
"MacLennan  Samuel",50,52788,5,0,0,18,3.08,"M","Widowed","No","White","Production Technician I","Production","Amy Dunn","Fully Meets","4","1"
"Mahoney  Lauren  ",36,45395,8.4,0,0,14,4.6,"F","Single","No","White","Production Technician I","Production","Ketsia Liebig","Fully Meets","4","0"
"Manchester  Robyn",46,62385,6.1,0,0,4,5,"F","Married","No","White","Production Technician II","Production","Webster Butler","Fully Meets","3","0"
"Mancuso  Karen",36,68407,1.1,0,0,16,5,"F","Married","No","Two or more races","Production Technician II","Production","Amy Dunn","Fully Meets","4","1"
"Mangal  Debbie",48,61349,8.6,0,0,11,4.1,"F","Married","No","White","Production Technician I","Production","Brannon Miller","Fully Meets","3","0"
"Martin  Sandra",35,105688,8.6,4,0,14,4.5,"F","Single","No","Asian","Software Engineer","Software Engineering","Alex Sweetwater","Fully Meets","5","0"
"Maurice  Shana",45,54132,11,0,0,8,5,"F","Married","No","White","Production Technician I","Production","David Stanley","Fully Meets","4","0"
"Carthy  B'rigit",35,55315,7.2,0,0,16,5,"F","Single","No","Black or African American","Production Technician II","Production","Ketsia Liebig","Fully Meets","5","0"
"Mckenna  Sandy",35,62810,9.4,0,0,20,3.93,"F","Married","No","Black or African American","Production Technician I","Production","Kissy Sullivan","Fully Meets","3","0"
"McKinzie  Jac",38,63291,5.9,0,0,7,3.4,"M","Married","No","Two or more races","Area Sales Manager","Sales","Lynn Daneault","Fully Meets","4","0"
"Meads  Elizabeth",54,62659,4.6,0,0,17,4.18,"F","Single","No","Black or African American","Production Technician I","Production","Kelley Spirea","Fully Meets","4","1"
"Medeiros  Jennifer",46,55688,7.2,0,0,10,5,"F","Single","No","White","Production Technician I","Production","Michael Albert","Fully Meets","4","0"
"Miller  Brannon",41,83667,9.8,0,0,2,4.37,"M","Single","Yes","Hispanic","Production Manager","Production","Janet King","Fully Meets","3","0"
"Miller  Ned",37,55800,3.1,0,6,6,3,"M","Single","No","White","Production Technician II","Production","Brannon Miller","PIP","2","1"
"Monkfish  Erasumus",30,58207,10.6,0,0,14,3.7,"M","Married","No","White","Production Technician II","Production","David Stanley","Fully Meets","3","0"
"Monroe  Peter",36,157000,10.3,6,4,13,2.39,"M","Married","Yes","Black or African American","IT Manager - Infra","IT/IS","Jennifer Zamora","Needs Improvement","3","0"
"Monterro  Luisa",52,72460,9.1,0,0,1,4.7,"F","Single","No","Black or African American","Production Technician II","Production","Kissy Sullivan","Exceeds","3","0"
"Moran  Patrick",46,72106,10.4,0,0,12,4.1,"M","Single","No","Black or African American","Production Technician II","Production","Kelley Spirea","Fully Meets","4","0"
"Morway  Tanya",43,52599,7.3,6,0,6,3.81,"F","Married","No","White","Network Engineer","IT/IS","Peter Monroe","Fully Meets","3","0"
"Motlagh   Dawn",38,63430,9.2,0,0,18,4.4,"F","Divorced","No","White","Production Technician I","Production","Elijiah Gray","Fully Meets","4","0"
"Moumanil  Maliki ",48,74417,9.1,0,0,11,4.29,"M","Separated","No","Black or African American","Production Technician II","Production","Michael Albert","Fully Meets","5","0"
"Myers  Michael",42,57575,8.9,0,0,13,4.1,"M","Single","No","Asian","Production Technician I","Production","Kissy Sullivan","Fully Meets","4","0"
"Navathe  Kurt",52,87921,5.3,6,0,17,5,"M","Single","No","Asian","Senior BI Developer","IT/IS","Brian Champaigne","Fully Meets","3","0"
"Ndzi  Colombui",33,50470,2.5,0,0,19,4.3,"M","Single","No","Black or African American","Production Technician I","Production","Webster Butler","Fully Meets","3","1"
"Ndzi  Horia",39,46664,3.2,0,0,10,3.18,"M","Married","No","White","Production Technician I","Production","Amy Dunn","Fully Meets","3","1"
"Newman  Richard ",45,48495,8.1,0,0,11,5,"M","Married","No","White","Production Technician I","Production","Ketsia Liebig","Fully Meets","5","0"
"Ngodup  Shari ",55,52984,9.2,0,0,12,4,"F","Separated","No","Black or African American","Production Technician I","Production","Brannon Miller","Exceeds","3","0"
"Nguyen  Dheepa",33,63695,8.9,0,0,2,5,"F","Single","No","Two or more races","Area Sales Manager","Sales","Lynn Daneault","Fully Meets","5","0"
"Nguyen  Lei-Ming",38,62061,8.9,0,0,4,3.6,"F","Single","No","White","Production Technician I","Production","David Stanley","Fully Meets","5","0"
"Nowlan  Kristie",37,66738,7.6,0,0,5,4.53,"F","Single","No","White","Production Technician II","Production","Elijiah Gray","Fully Meets","5","0"
"O'hare  Lynn",42,52674,4.1,0,6,3,2.33,"F","Single","No","Two or more races","Production Technician I","Production","Kissy Sullivan","PIP","2","1"
"Oliver  Brooke ",70,71966,1.3,0,0,17,5,"F","Married","No","Asian","Production Technician II","Production","Webster Butler","Fully Meets","3","1"
"Onque  Jasmine",32,63051,8.7,0,0,1,4.28,"F","Single","Yes","White","Area Sales Manager","Sales","Lynn Daneault","Fully Meets","3","0"
"Osturnka  Adeel",46,47414,8.7,0,0,13,5,"M","Married","No","White","Production Technician I","Production","Kelley Spirea","Exceeds","3","0"
"Owad  Clinton",43,53060,8.3,0,4,6,4.25,"M","Single","No","Black or African American","Production Technician I","Production","Michael Albert","Needs Improvement","3","0"
"Ozark  Travis",40,68829,7.4,0,0,18,5,"M","Single","No","White","Area Sales Manager","Sales","John Smith","Fully Meets","5","0"
"Panjwani  Nina",43,63515,2.9,0,0,7,3.89,"F","Married","No","White","Production Technician I","Production","Elijiah Gray","Fully Meets","4","1"
"Patronick  Lucas",43,108987,3.8,3,0,13,5,"M","Single","No","Black or African American","Software Engineer","Software Engineering","Alex Sweetwater","Exceeds","5","1"
"Pearson  Randall",38,93093,1.4,5,0,19,4.7,"M","Married","No","White","Data Analyst","IT/IS","Simon Roup","Fully Meets","4","1"
"Smith  Martin",34,53564,7,0,4,15,3.54,"M","Single","No","Black or African American","Production Technician I","Production","Webster Butler","Needs Improvement","5","1"
"Pelletier  Ermine",33,60270,4.2,0,5,2,2.4,"F","Married","No","Asian","Production Technician II","Production","Amy Dunn","Needs Improvement","5","1"
"Perry  Shakira",36,45998,4.4,0,0,5,3.45,"F","Single","No","White","Production Technician I","Production","Amy Dunn","Fully Meets","4","1"
"Peters  Lauren",36,57954,1.7,0,0,12,4.2,"F","Married","No","White","Production Technician II","Production","Ketsia Liebig","Exceeds","5","1"
"Peterson  Ebonee  ",45,74669,5.6,0,0,6,4.16,"F","Married","No","White","Production Manager","Production","Janet King","Fully Meets","5","1"
"Petingill  Shana  ",43,74226,10.2,0,0,14,4.3,"F","Married","No","Asian","Production Technician II","Production","Brannon Miller","Fully Meets","3","0"
"Petrowsky  Thelma",38,93554,7.6,7,0,16,4.6,"F","Married","No","Black or African American","Data Analyst","IT/IS","Simon Roup","Exceeds","5","0"
"Pham  Hong",34,64724,1.4,0,0,13,5,"M","Married","No","Asian","Production Technician I","Production","Brannon Miller","Fully Meets","3","1"
"Pitt  Brad ",41,47001,14.6,0,0,15,3.66,"M","Single","No","White","Production Technician I","Production","David Stanley","Fully Meets","3","0"
"Potts  Xana",34,61844,10.4,0,0,9,4.2,"F","Married","No","Black or African American","Area Sales Manager","Sales","Lynn Daneault","Fully Meets","5","0"
"Power  Morissa",38,46799,7.1,0,0,14,3.17,"F","Divorced","No","Asian","Production Technician I","Production","Kissy Sullivan","Fully Meets","4","1"
"Punjabhi  Louis  ",61,59472,8.4,0,0,14,4.8,"M","Single","No","White","Production Technician I","Production","Kelley Spirea","Fully Meets","3","0"
"Purinton  Janine",52,46430,0.7,0,0,16,4.5,"F","Divorced","No","White","Production Technician I","Production","Kissy Sullivan","Fully Meets","5","1"
"Quinn  Sean",38,83363,4.5,0,0,4,4.15,"M","Married","No","Black or African American","Software Engineer","Software Engineering","Janet King","Fully Meets","4","1"
"Rachael  Maggie",42,95920,5.7,6,0,10,4.4,"F","Married","No","Black or African American","BI Developer","IT/IS","Brian Champaigne","Fully Meets","4","0"
"Rarrick  Quinn",38,61729,6.5,0,0,19,3.8,"M","Divorced","No","White","Production Technician I","Production","Michael Albert","Fully Meets","5","1"
"Ren  Kylo",68,61809,8.1,0,0,4,3.98,"M","Married","No","White","Area Sales Manager","Sales","John Smith","Fully Meets","3","0"
"Rhoads  Thomas",40,45115,4.7,0,0,11,5,"M","Divorced","Yes","White","Production Technician I","Production","Elijiah Gray","Fully Meets","4","1"
"Rivera  Haley  ",49,46738,10.5,0,0,16,4.36,"F","Married","No","Asian","Production Technician I","Production","Webster Butler","Exceeds","5","0"
"Roberson  May",41,64971,0.1,0,0,10,4.5,"F","Divorced","No","Black or African American","Production Technician II","Production","David Stanley","Fully Meets","4","1"
"Robertson  Peter",50,55578,0.6,0,0,13,4.2,"M","Married","No","White","Production Technician II","Production","Kissy Sullivan","Fully Meets","5","1"
"Robinson  Alain  ",48,50428,5,0,0,11,5,"M","Married","No","Black or African American","Production Technician I","Production","Amy Dunn","Fully Meets","3","1"
"Robinson  Cherly",37,61422,5.4,0,4,16,3.6,"F","Married","No","White","Production Technician I","Production","Ketsia Liebig","Needs Improvement","3","1"
"Robinson  Elias",37,63353,8.9,0,0,4,3.6,"M","Widowed","No","White","Production Technician I","Production","Brannon Miller","Exceeds","5","0"
"Roby  Lori ",41,89883,7.3,6,0,15,3.69,"F","Married","No","White","Data Analyst","IT/IS","Simon Roup","Fully Meets","5","0"
"Roehrich  Bianca",49,120000,3.8,7,0,12,3.88,"F","Single","Yes","White","Principal Data Architect","IT/IS","Simon Roup","Fully Meets","3","1"
"Roper  Katie",50,150290,5.4,5,0,17,4.94,"F","Single","No","Black or African American","Data Architect","IT/IS","Brian Champaigne","Fully Meets","3","0"
"Rose  Ashley  ",48,60627,8.4,0,0,8,5,"F","Separated","No","White","Production Technician I","Production","David Stanley","Fully Meets","4","0"
"Rossetti  Bruno",35,53180,7.4,0,0,4,5,"M","Single","No","White","Production Technician I","Production","Kissy Sullivan","Fully Meets","5","1"
"Roup Simon",49,140920,9.4,7,0,13,3.6,"M","Single","No","White","IT Manager - DB","IT/IS","Jennifer Zamora","Fully Meets","5","0"
"Ruiz  Ricardo",58,148999,3.8,6,0,8,4.3,"M","Divorced","No","Black or African American","IT Manager - DB","IT/IS","Jennifer Zamora","Fully Meets","4","1"
"Saada  Adell",36,86214,9.6,6,0,2,4.2,"F","Married","No","White","Software Engineer","Software Engineering","Alex Sweetwater","Fully Meets","3","0"
"Saar-Beckles  Melinda",54,47750,5.9,0,5,4,2.6,"F","Single","No","Black or African American","Production Technician I","Production","Kelley Spirea","Needs Improvement","4","0"
"Sadki  Nore  ",48,46428,9.6,0,0,7,4.6,"M","Single","No","White","Production Technician I","Production","Michael Albert","Fully Meets","5","1"
"Sahoo  Adil",36,57975,11.8,0,0,13,4.1,"M","Married","No","White","Production Technician II","Production","Kelley Spirea","Fully Meets","3","0"
"Salter  Jason",35,88527,0.8,5,0,2,4.2,"M","Divorced","No","Black or African American","Data Analyst","IT/IS","Simon Roup","Fully Meets","3","1"
"Sander  Kamrin",34,56147,7.7,0,0,2,3.51,"F","Married","No","Black or African American","Production Technician I","Production","Elijiah Gray","Fully Meets","3","0"
"Sewkumar  Nori",47,50923,8.7,0,0,14,5,"F","Single","No","Asian","Production Technician I","Production","Webster Butler","Fully Meets","5","0"
"Shepard  Anita ",41,50750,7.7,6,0,7,3.31,"F","Married","No","White","Network Engineer","IT/IS","Peter Monroe","Fully Meets","3","0"
"Shields  Seffi",37,52087,8.8,0,0,15,4.81,"F","Married","No","White","Production Technician I","Production","Amy Dunn","Fully Meets","4","0"
"Simard  Kramer",52,87826,7.4,7,0,16,3.32,"M","Married","Yes","White","Data Analyst","IT/IS","Simon Roup","Fully Meets","3","0"
"Singh  Nan ",34,51920,7.1,5,0,2,5,"F","Single","No","White","Administrative Assistant","Admin Offices","Brandon R. LeBlanc","Fully Meets","3","0"
"Sloan  Constance",35,63878,5.5,0,0,20,4.68,"F","Single","No","White","Production Technician II","Production","Michael Albert","Fully Meets","4","1"
"Smith  Joe",59,60656,7.7,0,0,4,4.3,"M","Single","No","White","Production Technician II","Production","Elijiah Gray","Exceeds","3","0"
"Smith  John",38,72992,8,0,2,16,2.4,"M","Divorced","No","Black or African American","Sales Manager","Sales","Debra Houlihan","Needs Improvement","4","0"
"Smith  Leigh Ann",35,55000,2,4,0,17,3.8,"F","Married","No","Black or African American","Administrative Assistant","Admin Offices","Brandon R. LeBlanc","Fully Meets","4","1"
"Smith  Sade",57,58939,8.6,0,0,16,3.73,"F","Single","No","White","Production Technician I","Production","Ketsia Liebig","Fully Meets","3","0"
"Soto  Julia ",49,66593,11,5,0,19,4.3,"F","Married","No","Black or African American","IT Support","IT/IS","Eric Dougall","Fully Meets","3","0"
"Soze  Keyser",39,87565,5.9,5,0,13,3.27,"M","Married","No","Asian","Sr. Network Engineer","IT/IS","Peter Monroe","Fully Meets","4","0"
"Sparks  Taylor  ",54,64021,10.3,1,6,20,2.4,"F","Married","No","White","Production Technician I","Production","Brannon Miller","PIP","2","0"
"Spirea  Kelley",47,65714,9.7,0,0,15,4.83,"F","Married","No","White","Production Manager","Production","Janet King","Fully Meets","5","0"
"Squatrito  Kristen",49,62425,2.1,0,0,16,4.1,"F","Divorced","No","White","Production Technician I","Production","David Stanley","Exceeds","4","1"
"Stanford Barbara  M",40,47961,11.4,0,0,9,4.1,"F","Divorced","No","Two or more races","Production Technician I","Production","Kissy Sullivan","Fully Meets","4","0"
"Stansfield  Norman",48,58273,8.1,0,3,5,1.81,"M","Married","No","White","Area Sales Manager","Sales","Lynn Daneault","PIP","2","0"
"Steans  Tyrone  ",36,63003,7.7,5,0,9,3.9,"M","Single","No","White","Accountant I","Admin Offices","Brandon R. LeBlanc","Fully Meets","5","0"
"Stoica  Rick",37,61355,8.3,0,0,4,4.7,"M","Married","No","Asian","Production Technician I","Production","Kelley Spirea","Fully Meets","3","0"
"Strong  Caitrin",33,60120,11.7,0,0,18,4.1,"F","Married","No","Black or African American","Area Sales Manager","Sales","John Smith","Fully Meets","4","0"
"Sullivan  Kissy ",44,63682,13.4,0,0,12,3.73,"F","Married","No","Black or African American","Production Manager","Production","Janet King","Fully Meets","4","0"
"Sullivan  Timothy",40,63025,7.4,0,0,10,4.36,"M","Married","Yes","White","Production Technician I","Production","Michael Albert","Fully Meets","5","0"
"Sutwell  Barbara",54,59238,10.1,0,0,13,3.4,"F","Single","No","Asian","Production Technician I","Production","Elijiah Gray","Fully Meets","5","0"
"Szabo  Andrew",39,92989,7.9,5,0,1,4.5,"M","Single","No","White","Software Engineer","Software Engineering","Alex Sweetwater","Exceeds","5","0"
"Tannen  Biff",35,90100,5.1,6,0,14,3.4,"M","Married","No","White","BI Developer","IT/IS","Brian Champaigne","Fully Meets","3","0"
"Tavares  Desiree  ",47,60754,3.9,0,0,11,4.5,"F","Married","No","Black or African American","Production Technician I","Production","Webster Butler","Fully Meets","5","1"
"Tejeda  Lenora ",69,72202,6.2,0,0,3,3.93,"F","Married","No","White","Production Technician II","Production","Elijiah Gray","Fully Meets","3","1"
"Terry  Sharlene ",57,58370,7.7,0,0,18,3.69,"F","Single","No","Black or African American","Area Sales Manager","Sales","Lynn Daneault","Fully Meets","3","0"
"Theamstern  Sophia",57,48413,5.2,0,0,1,3.98,"F","Single","No","White","Production Technician I","Production","Amy Dunn","Fully Meets","4","1"
"Thibaud  Kenneth",47,67176,3.2,0,0,15,4.1,"M","Widowed","No","White","Production Technician II","Production","Webster Butler","Fully Meets","4","1"
"Tippett  Jeanette",55,56339,9.3,0,0,4,4.21,"F","Divorced","No","Black or African American","Production Technician I","Production","Brannon Miller","Fully Meets","5","0"
"Torrence  Jack",54,64397,16.4,0,0,6,4.1,"M","Separated","No","White","Area Sales Manager","Sales","Lynn Daneault","Exceeds","3","0"
"Trang  Mei",39,63025,8.3,0,4,18,2.44,"F","Single","No","White","Production Technician I","Production","David Stanley","Needs Improvement","5","0"
"Tredinnick  Neville ",34,75281,1.1,5,0,11,5,"M","Married","No","White","Network Engineer","IT/IS","Peter Monroe","Fully Meets","3","1"
"True  Edward",39,100416,5.2,4,0,9,4.6,"M","Single","No","Black or African American","Software Engineer","Software Engineering","Alex Sweetwater","Fully Meets","3","1"
"Trzeciak  Cybil",37,74813,3.5,0,0,5,4.4,"F","Single","No","White","Production Technician II","Production","Amy Dunn","Fully Meets","3","1"
"Turpin  Jumil",53,76029,7.2,7,0,8,5,"M","Married","No","White","Network Engineer","IT/IS","Peter Monroe","Fully Meets","4","0"
"Valentin Jackie",31,57859,10.9,0,0,16,2.81,"F","Married","No","Two or more races","Area Sales Manager","Sales","John Smith","Fully Meets","3","0"
"Veera  Abdellah ",35,58523,3.5,0,0,15,4.5,"M","Divorced","No","White","Production Technician I","Production","Kissy Sullivan","Exceeds","5","1"
"Vega  Vincent",54,88976,10.8,0,0,19,3.93,"M","Divorced","No","White","Production Manager","Production","Janet King","Fully Meets","3","0"
"Villanueva  Noah",33,55875,10.3,0,0,11,4.5,"M","Single","No","Asian","Area Sales Manager","Sales","John Smith","Fully Meets","4","0"
"Voldemort  Lord",36,113999,2,7,0,9,4.33,"M","Married","No","Black or African American","Database Administrator","IT/IS","Simon Roup","Fully Meets","3","1"
"Volk  Colleen",36,49773,4.4,0,0,18,4.3,"F","Married","No","White","Production Technician I","Production","Kelley Spirea","Exceeds","5","1"
"Von Massenbach  Anna",37,62068,6.9,0,0,7,3.21,"F","Single","No","White","Production Technician I","Production","Michael Albert","Fully Meets","3","0"
"Walker  Roger",46,66541,7.8,0,0,4,3.11,"M","Single","No","Black or African American","Production Technician II","Production","Ketsia Liebig","Fully Meets","5","0"
"Wallace  Courtney  E",67,80512,0.3,0,0,5,4.5,"F","Married","No","Black or African American","Production Manager","Production","Janet King","Fully Meets","3","1"
"Wallace  Theresa",42,50274,3.1,0,6,13,2.5,"F","Single","No","White","Production Technician I","Production","Elijiah Gray","Needs Improvement","3","1"
"Wang  Charlie",41,84903,5.3,7,0,17,3.42,"M","Single","No","Asian","Senior BI Developer","IT/IS","Brian Champaigne","Fully Meets","4","0"
"Warfield  Sarah",44,107226,7.2,8,0,7,4.2,"F","Widowed","No","Asian","Sr. Network Engineer","IT/IS","Peter Monroe","Fully Meets","4","0"
"Whittier  Scott",35,58371,3.3,0,0,11,5,"M","Single","Yes","White","Production Technician I","Production","Webster Butler","Fully Meets","5","1"
"Wilber  Barry",57,55140,4.3,0,0,7,5,"M","Married","No","White","Production Technician I","Production","Amy Dunn","Fully Meets","3","1"
"Wilkes  Annie",39,58062,1.3,0,0,9,3.6,"F","Divorced","No","White","Production Technician I","Production","Ketsia Liebig","Fully Meets","5","1"
"Williams  Jacquelyn  ",53,59728,3.5,0,0,16,4.3,"F","Single","Yes","Black or African American","Production Technician I","Production","Ketsia Liebig","Fully Meets","4","1"
"Winthrop  Jordan  ",64,70507,3.1,0,0,7,5,"M","Single","No","White","Production Technician II","Production","Brannon Miller","Exceeds","3","1"
"Wolk  Hang  T",37,60446,7.7,0,0,14,3.4,"F","Single","No","White","Production Technician II","Production","David Stanley","Fully Meets","4","0"
"Woodson  Jason",37,65893,7.9,0,0,13,4.07,"M","Single","No","White","Production Technician II","Production","Kissy Sullivan","Fully Meets","4","0"
"Ybarra  Catherine ",40,48513,7.1,0,5,4,3.2,"F","Single","No","Asian","Production Technician I","Production","Brannon Miller","PIP","2","1"
"Zamora  Jennifer",43,220450,12.2,6,0,16,4.6,"F","Single","No","White","CIO","IT/IS","Janet King","Exceeds","5","0"
"Zhou  Julia",43,89292,7.2,5,0,11,5,"F","Single","No","White","Data Analyst","IT/IS","Simon Roup","Fully Meets","3","0"
"Zima  Colleen",44,45046,7.7,0,0,2,4.5,"F","Widowed","No","Asian","Production Technician I","Production","David Stanley","Fully Meets","5","0"
